0~The Girl with the Dragon Tattoo (Millennium, #1)~Stieg Larsson~2005~4.13~https://www.goodreads.com//book/show/2429135.The_Girl_with_the_Dragon_Tattoo~ A spellbinding amalgam of murder mystery, family saga, love story and financial intrigue.A Sensational #1 Bestseller â€“ Now a Major Motion Picture In Theaters March 2010.Itâ€™s about the disappearance forty years ago of Harriet Vanger, a young scion of one of the wealthiest families in Sweden . . . and about her octogenarian uncle, determined to know the truth about what he b...
1~The Girl Who Played with Fire (Millennium, #2)~Stieg Larsson~2006~4.23~https://www.goodreads.com//book/show/5060378-the-girl-who-played-with-fire~ The ExposeMillennium publisher Mikael Blomkvist has made his reputation exposing corrupt establishment figures. So when a young journalist approaches him with an investigation into sex trafficking, Blomkvist cannot resist waging war on the powerful figures who control this lucrative industry.The MurderWhen a young couple are found dead in their Stockholm apartment, it's a...
2~Gone Girl (Paperback)~Gillian Flynn~2012~4.14~https://www.goodreads.com//book/show/19288043-gone-girl~ On a warm summer morning in North Carthage, Missouri, it is Nick and Amy Dunne’s fifth wedding anniversary. Presents are being wrapped and reservations are being made when Nick’s clever and beautiful wife disappears. Husband-of-the-Year Nick isn’t doing himself any favors with cringe-worthy daydreams about the slope and shape of his wife’s head, but passages from Amy's dia...
3~The Girl Who Kicked the Hornet's Nest (Millennium, #3)~Stieg Larsson~2007~4.21~https://www.goodreads.com//book/show/6892870-the-girl-who-kicked-the-hornet-s-nest~ The stunning third and final novel in Stieg Larsson's internationally best-selling trilogy.Lisbeth Salander - the heart of Larsson's two previous novels - lies in critical condition, a bullet wound to her head, in the intensive care unit of a Swedish city hospital. She's fighting for her life in more ways than one: if and when she recovers, she'll be taken back to Stockhol...
4~And Then There Were None (Paperback)~Agatha Christie~1939~4.24~https://www.goodreads.com//book/show/16299.And_Then_There_Were_None~ First, there were tenâ€”a curious assortment of strangers summoned as weekend guests to a private island off the coast of Devon. Their host, an eccentric millionaire unknown to all of them, is nowhere to be found. All that the guests have in common is a wicked past they're unwilling to revealâ€”and a secret that will seal their fate. For each has been marked for murder. One by...
5~The Cuckoo's Calling (Cormoran Strike, #1)~Robert Galbraith~2013~3.84~https://www.goodreads.com//book/show/16160797-the-cuckoo-s-calling~ The Cuckoo's Calling is a 2013 crime fiction novel by J. K. Rowling, published under the pseudonym Robert Galbraith.A brilliant mystery in a classic vein: Detective Cormoran Strike investigates a supermodel's suicide.After losing his leg to a land mine in Afghanistan, Cormoran Strike is barely scraping by as a private investigator. Strike is down to one client, and credito...
6~The Girl on the Train (Hardcover)~Paula Hawkins~2015~3.89~https://www.goodreads.com//book/show/22557272-the-girl-on-the-train~ Rachel catches the same commuter train every morning. She knows it will wait at the same signal each time, overlooking a row of back gardens. She's even started to feel like she knows the people who live in one of the houses. 'Jess and Jason', she calls them. Their life - as she sees it - is perfect. If only Rachel could be that happy. And then she sees something shocking....
7~In Cold Blood (Paperback)~Truman Capote~1966~4.05~https://www.goodreads.com//book/show/168642.In_Cold_Blood~ On November 15, 1959, in the small town of Holcomb, Kansas, four members of the Clutter family were savagely murdered by blasts from a shotgun held a few inches from their faces. There was no apparent motive for the crime, and there were almost no clues. As Truman Capote reconstructs the murder and the investigation that led to the capture, trial, and execution of the kill...
8~Murder on the Orient Express (Hercule Poirot, #10)~Agatha Christie~1934~4.17~https://www.goodreads.com//book/show/853510.Murder_on_the_Orient_Express~ What more can a mystery addict desire than a much-loathed murder victim found aboard the luxurious Orient Express with multiple stab wounds, thirteen likely suspects, an incomparably brilliant detective in Hercule Poirot, and the most ingenious crime ever conceived?...
9~A Study in Scarlet (Sherlock Holmes, #1)~Arthur Conan Doyle~1887~4.17~https://www.goodreads.com//book/show/102868.A_Study_in_Scarlet~ 'There's a scarlet thread of murder running through the colourless skein of life, and our duty is to unravel it, and isolate it, and expose every inch of it.'From the moment Dr John Watson takes lodgings in Baker Street with the consulting detective Sherlock Holmes, he becomes intimately acquainted with the bloody violence and frightening ingenuity of the criminal mind.In...
10~The Silkworm (Cormoran Strike, #2)~Robert Galbraith~2014~4.02~https://www.goodreads.com//book/show/18214414-the-silkworm~ Private investigator Cormoran Strike returns in a new mystery from Robert Galbraith, author of the #1 international bestseller The Cuckoo's Calling.When novelist Owen Quine goes missing, his wife calls in private detective Cormoran Strike. At first, Mrs. Quine just thinks her husband has gone off by himself for a few days—as he has done before—and she wants Strike to find...
11~Dark Places (Hardcover)~Gillian Flynn~2009~3.92~https://www.goodreads.com//book/show/5886881-dark-places~ From The #1 New York Times Bestselling Author Of Gone GirlLibby Day was seven when her mother and two sisters were murdered in “The Satan Sacrifice" of Kinnakee, Kansas. She survived—and famously testified that her fifteen-year-old brother, Ben, was the killer. Twenty-five years later, the Kill Club—a secret secret society obsessed with notorious crimes—locates Libby and p...
12~The Godfather (Mario Puzo's Mafia)~Mario Puzo~1969~4.36~https://www.goodreads.com//book/show/22034.The_Godfather~ The Godfatherâ€”the epic tale of crime and betrayal that became a global phenomenon.Almost fifty years ago, a classic was born. A searing portrayal of the Mafia underworld, The Godfather introduced readers to the first family of American crime fiction, the Corleones, and their powerful legacy of tradition, blood, and honor. The seduction of power, the pitfalls of greed, and...
13~Sharp Objects (Paperback)~Gillian Flynn~2006~3.99~https://www.goodreads.com//book/show/18045891-sharp-objects~ Fresh from a brief stay at a psych hospital, reporter Camille Preaker faces a troubling assignment: she must return to her tiny hometown to cover the murders of two preteen girls. For years, Camille has hardly spoken to her neurotic, hypochondriac mother or to the half-sister she barely knows: a beautiful thirteen-year-old with an eerie grip on the town. Now, installed in...
14~In the Woods (Dublin Murder Squad, #1)~Tana French~2007~3.72~https://www.goodreads.com//book/show/2459785.In_the_Woods~ As dusk approaches a small Dublin suburb in the summer of 1984, mothers begin to call their children home. But on this warm evening, three children do not return from the dark and silent woods. When the police arrive, they find only one of the children gripping a tree trunk in terror, wearing blood-filled sneakers, and unable to recall a single detail of the previous hours...
15~The Hound of the Baskervilles (Sherlock Holmes, #5)~Arthur Conan Doyle~1902~4.11~https://www.goodreads.com//book/show/8921.The_Hound_of_the_Baskervilles~ 'Mr. Holmes, they were the footprints of a gigantic hound!'The death, quite suddenly, of Sir Charles Baskerville in mysterious circumstances is the trigger for one of the most extraordinary cases ever to challenge the brilliant analytical mind of Sherlock Holmes. As rumours of a legendary hound said to haunt the Baskerville family circulate, Holmes and Watson are asked to...
16~The Silence of the Lambs  (Hannibal Lecter, #2)~Thomas   Harris~1988~4.16~https://www.goodreads.com//book/show/23807.The_Silence_of_the_Lambs~ There's a killer on the loose who knows that beauty is only skin deep, and a trainee investigator who's trying to save her own hide. The only man that can help is locked in an asylum. But he's willing to put a brave face on â€” if it will help him escape....
17~The Da Vinci Code (Robert Langdon, #2)~Dan Brown~2003~3.81~https://www.goodreads.com//book/show/968.The_Da_Vinci_Code~ An ingenious code hidden in the works of Leonardo da Vinci.A desperate race through the cathedrals and castles of Europe.An astonishing truth concealed for centuries . . . unveiled at last.While in Paris, Harvard symbologist Robert Langdon is awakened by a phone call in the dead of the night. The elderly curator of the Louvre has been murdered inside the museum, his body c...
18~The Big Sleep (Philip Marlowe, #1)~Raymond Chandler~1939~4.03~https://www.goodreads.com//book/show/2052.The_Big_Sleep~ "Down these mean streets a man must go who is not himself mean, who is neither tarnished nor afraid....He is the hero; he is everything. He must be a complete man and a common man and yet an unusual man. This is the Code of the Private Eye as defined by Raymond Chandler in his 1944 essay 'The Simple Act of Murder.' Such a man was Philip Marlowe, private eye, an educated, h...
19~The Adventures of Sherlock Holmes (Paperback)~Arthur Conan Doyle~1892~4.32~https://www.goodreads.com//book/show/3590.The_Adventures_of_Sherlock_Holmes~ 'It is an old maxim of mine that when you have excluded the impossible, whatever remains, however improbable, must be the truth.'Sherlock Holmes, scourge of criminals everywhere, whether they be lurking in London's foggy backstreets or plotting behind the walls of an idyllic country mansion, and his faithful colleague Dr Watson solve twelve breathtaking and perplexing myst...
20~The Mysterious Affair at Styles (Hercule Poirot #1)~Agatha Christie~1920~3.99~https://www.goodreads.com//book/show/16343.The_Mysterious_Affair_at_Styles~ Who poisoned the wealthy Emily Inglethorpe, and how did the murderer penetrate and escape from her locked bedroom? Suspects abound in the quaint village of Styles St. Mary--from the heiress's fawning new husband to her two stepsons, her volatile housekeeper, and a pretty nurse who works in a hospital dispensary. Making his unforgettable debut, the brilliant Belgian detecti...
21~The Devil in the White City: Murder, Magic, and Madness at the Fair That Changed America (Audio Cassette)~Erik Larson~2003~4.00~https://www.goodreads.com//book/show/21996.The_Devil_in_the_White_City~ Erik Larson's gifts as a storyteller are magnificently displayed in this rich narrative of the master builder, the killer, and the great fair that obsessed them both.Two men, each handsome and unusually adept at his chosen work, embodied an element of the great dynamic that characterized America's rush toward the twentieth century. The architect was Daniel Hudson Burnham,...
22~The Murder of Roger Ackroyd (Hercule Poirot #4)~Agatha Christie~1926~4.22~https://www.goodreads.com//book/show/16328.The_Murder_of_Roger_Ackroyd~ In the village of King's Abbot, a widow's sudden suicide sparks rumors that she murdered her first husband, was being blackmailed, and was carrying on a secret affair with the wealthy Roger Ackroyd. The following evening, Ackroyd is murdered in his locked study--but not before receiving a letter identifying the widow's blackmailer. King's Abbot is crawling with suspects, i...
23~Career of Evil (Cormoran Strike, #3)~Robert Galbraith~2015~4.23~https://www.goodreads.com//book/show/40611999-career-of-evil~ Cormoran Strike is back, with his assistant Robin Ellacott, in a mystery based around soldiers returning from war.When a mysterious package is delivered to Robin Ellacott, she is horrified to discover that it contains a woman’s severed leg.Her boss, private detective Cormoran Strike, is less surprised but no less alarmed. There are four people from his past who he thinks c...
24~Red Dragon (Hannibal Lecter, #1)~Thomas   Harris~1981~4.03~https://www.goodreads.com//book/show/28877.Red_Dragon~ A second family has been massacred by the terrifying serial killer the press has christened "The Tooth Fairy." Special Agent Jack Crawford turns to the one man who can help restart a failed investigation: Will Graham. Graham is the greatest profiler the FBI ever had, but the physical and mental scars of capturing Hannibal Lecter have caused Graham to go into early retireme...
25~Angels & Demons  (Robert Langdon, #1)~Dan Brown~2000~3.87~https://www.goodreads.com//book/show/960.Angels_Demons~ An ancient secret brotherhood.A devastating new weapon of destruction.An unthinkable target... When world-renowned Harvard symbologist Robert Langdon is summoned to a Swiss research facility to analyze a mysterious symbol -- seared into the chest of a murdered physicist -- he discovers evidence of the unimaginable: the resurgence of an ancient secret brotherhood known as t...
26~The Snowman (Harry Hole, #7)~Jo Nesbø~2007~4.02~https://www.goodreads.com//book/show/9572203-the-snowman~ Internationally acclaimed crime writer Jo Nesbø’s antihero police investigator, Harry Hole, is back: in a bone-chilling thriller that will take Hole to the brink of insanity. Oslo in November. The first snow of the season has fallen. A boy named Jonas wakes in the night to find his mother gone. Out his window, in the cold moonlight, he sees the snowman that inexplicably ap...
27~Flaggermusmannen (Harry Hole, #1)~Jo Nesbø~1997~3.69~https://www.goodreads.com//book/show/1991039.Flaggermusmannen~ Politimannen Harry Hole er i Sydney for å bistå australsk politi i etterforskningen av drapet på en ung norsk kvinne. På sin vei gjennom lysskye miljøer treffer han horer og halliker, transer, klovner og pushere. Og noen aboriginer, Australias urinnvånere. Harry Hole har reist så langt vekk fra Norge som det er mulig å komme. Saken er komplisert, og i den blinde nattejakte...
28~Death on the Nile (Hercule Poirot #17)~Agatha Christie~1937~4.09~https://www.goodreads.com//book/show/131359.Death_on_the_Nile~ The tranquillity of a cruise along the Nile is shattered by the discovery that Linnet Ridgeway has been shot through the head. She was young, stylish and beautiful, a girl who had everything - until she lost her life. Hercule Poirot recalls an earlier outburst by a fellow passenger: 'I'd like to put my dear little pistol against her head and just press the trigger.' Yet in...
29~Darkly Dreaming Dexter (Dexter, #1)~Jeff Lindsay~2004~3.91~https://www.goodreads.com//book/show/17231.Darkly_Dreaming_Dexter~ Meet Dexter Morgan, a polite wolf in sheep's clothing. He's handsome and charming, but something in his past has made him abide by a different set of rules. He's a serial killer whose one golden rule makes him immensely likeable: he only kills bad people. And his job as a blood splatter expert for the Miami police department puts him in the perfect position to identify his...
30~Postmortem (Kay Scarpetta, #1)~Patricia Cornwell~1990~4.02~https://www.goodreads.com//book/show/6534.Postmortem~ Under cover of night in Richmond, Virginia, a human monster strikes, leaving a gruesome trail of stranglings that has paralyzed the city. Medical examiner Kay Scarpetta suspects the worst: a deliberate campaign by a brilliant serial killer whose signature offers precious few clues. With an unerring eye, she calls on the latest advances in forensic research to unmask the ma...
31~The Redbreast (Harry Hole, #3)~Jo Nesbø~2000~3.94~https://www.goodreads.com//book/show/465226.The_Redbreast~ Als der norwegische Staatsschutz Hinweise auf ein geplantes Attentat auf den Thronfolger erhält, beginnt für Harry Hole ein Alptraum aus Lügen und Verrat. Die Spur der Verdächtigen führt in das dunkelste Kapitel norwegischer Vergangenheit: Eine Gruppe von Nazikollaborateuren hat im Untergrund ihr verhängnisvolles Netz gewoben und Harry sieht sich mit einem mörderischen Fil...
32~The Sign of Four (Paperback)~Arthur Conan Doyle~1890~3.96~https://www.goodreads.com//book/show/608474.The_Sign_of_Four~ 'You are a wronged woman and shall have justice. Do not bring police. If you do, all will be in vain. Your unknown friend.'When a beautiful young woman is sent a letter inviting her to a sinister assignation, she immediately seeks the advice of the consulting detective Sherlock Holmes.For this is not the first mysterious item Mary Marston has received in the post. Every ye...
33~Assuming Names: A Con Artist's Masquerade (ebook)~Tanya Thompson~2014~3.45~https://www.goodreads.com//book/show/21449526-assuming-names~ When it was over, there were a lot of questions. The detectives were embarrassed but they still wanted answered, "How did a 15-year-old runaway successfully pose as a world traveled countess?" The newspapers turned it back on them, practically sneering, "How did she do it while under investigation by the FBI, DEA, and Interpol?" The Mafia had been demanding the same thing...
34~The Lovely Bones (Mass Market Paperback)~Alice Sebold~2002~3.79~https://www.goodreads.com//book/show/12232938-the-lovely-bones~ The Lovely Bones is the story of a family devastated by a gruesome murder -- a murder recounted by the teenage victim. Upsetting, you say? Remarkably, first-time novelist Alice Sebold takes this difficult material and delivers a compelling and accomplished exploration of a fractured family's need for peace and closure.The details of the crime are laid out in the first few...
35~Killing Floor (Jack Reacher, #1)~Lee Child~1997~4.06~https://www.goodreads.com//book/show/78129.Killing_Floor~ Ex-military policeman Jack Reacher is a drifter. He's just passing through Margrave, Georgia, and in less than an hour, he's arrested for murder. Not much of a welcome. All Jack knows is that he didn't kill anybody. At least not here. Not lately. But he doesn't stand a chance of convincing anyone. not in Margrave, Georgia. Not a chance in hell....
36~Déjà Dead (Temperance Brennan, #1)~Kathy Reichs~1997~3.88~https://www.goodreads.com//book/show/231604.D_j_Dead~ Her life is devoted to justice; for those she never even knew. In the year since Temperance Brennan left behind a shaky marriage in North Carolina, work has often preempted her weekend plans to explore Quebec. When a female corpse is discovered meticulously dismembered and stashed in trash bags, Temperance detects an alarming pattern and she plunges into a harrowing search...
37~The Black Dahlia (L.A. Quartet, #1)~James Ellroy~1987~3.76~https://www.goodreads.com//book/show/21704.The_Black_Dahlia~ On January 15, 1947, the torture-ravished body of a beautiful young woman is found in a vacant lot. The victim makes headlines as the Black Dahliaâ€”and so begins the greatest manhunt in California history. Caught up in the investigation are Bucky Bleichert and Lee Blanchard: Warrants Squad cops, friends, and rivals in love with the same woman. But both are obsessed with the...
38~The Black Echo (Harry Bosch, #1; Harry Bosch Universe, #1)~Michael Connelly~1992~4.09~https://www.goodreads.com//book/show/32508.The_Black_Echo~ For maverick LAPD homicide detective Harry Bosch, the body in the drainpipe at Mulholland Dam is more than another anonymous statistic. This one is personal...because the murdered man was a fellow Vietnam "tunnel rat" who had fought side by side with him in a hellish underground war. Now Bosch is about to relive the horror of Nam. From a dangerous maze of blind alleys to a...
39~The A.B.C. Murders (Hercule Poirot #13)~Agatha Christie~1936~3.99~https://www.goodreads.com//book/show/16322.The_A_B_C_Murders~ When Alice Ascher is murdered in Andover, Hercule Poirot is already on to the clues. Alphabetically speaking, it's one down, twenty-five to go.There's a serial killer on the loose. His macabre calling card is to leave the ABC Railway guide beside each victim's body. But if A is for Alice Asher, bludgeoned to death in Andover; and B is for Betty Bernard, strangled with her...
40~To Kill a Mockingbird (Paperback)~Harper Lee~1960~4.26~https://www.goodreads.com//book/show/2657.To_Kill_a_Mockingbird~ The unforgettable novel of a childhood in a sleepy Southern town and the crisis of conscience that rocked it, To Kill A Mockingbird became both an instant bestseller and a critical success when it was first published in 1960. It went on to win the Pulitzer Prize in 1961 and was later made into an Academy Award-winning film, also a classic.Compassionate, dramatic, and deepl...
41~1984 (Mass Market Paperback)~George Orwell~1949~4.33~https://www.goodreads.com//book/show/40961427-1984~ Among the seminal texts of the 20th century, Nineteen Eighty-Four is a rare work that grows more haunting as its futuristic purgatory becomes more real. Published in 1949, the book offers political satirist George Orwell's nightmare vision of a totalitarian, bureaucratic world and one poor stiff's attempt to find individuality. The brilliance of the novel is Orwell's presc...
42~The Great Gatsby (Paperback)~F. Scott Fitzgerald~1925~3.90~https://www.goodreads.com//book/show/4671.The_Great_Gatsby~ Alternate Cover Edition ISBN: 0743273567 (ISBN13: 9780743273565)THE GREAT GATSBY, F. Scott Fitzgerald's third book, stands as the supreme achievement of his career. This exemplary novel of the Jazz Age has been acclaimed by generations of readers. The story of the fabulously wealthy Jay Gatsby and his new love for the bearutiful Daisy Buchanan, of lavish parties on Long Is...
43~The Hunger Games (The Hunger Games, #1)~Suzanne Collins~2008~4.33~https://www.goodreads.com//book/show/2767052-the-hunger-games~ Winning will make you famous. Losing means certain death.The nation of Panem, formed from a post-apocalyptic North America, is a country that consists of a wealthy Capitol region surrounded by 12 poorer districts. Early in its history, a rebellion led by a 13th district against the Capitol resulted in its destruction and the creation of an annual televised event known as t...
44~The Catcher in the Rye (Paperback)~J.D. Salinger~1951~3.80~https://www.goodreads.com//book/show/5107.The_Catcher_in_the_Rye~ The hero-narrator of The Catcher in the Rye is an ancient child of sixteen, a native New Yorker named Holden Caulfield. Through circumstances that tend to preclude adult, secondhand description, he leaves his prep school in Pennsylvania and goes underground in New York City for three days. The boy himself is at once too simple and too complex for us to make any final comme...
45~Harry Potter and the Sorcerer's Stone (Harry Potter, #1)~J.K. Rowling~1997~4.46~https://www.goodreads.com//book/show/3.Harry_Potter_and_the_Sorcerer_s_Stone~ Harry Potter's life is miserable. His parents are dead and he's stuck with his heartless relatives, who force him to live in a tiny closet under the stairs. But his fortune changes when he receives a letter that tells him the truth about himself: he's a wizard. A mysterious visitor rescues him from his relatives and takes him to his new home, Hogwarts School of Witchcraft...
46~The Da Vinci Code (Robert Langdon, #2)~Dan Brown~2003~3.81~https://www.goodreads.com//book/show/968.The_Da_Vinci_Code~ An ingenious code hidden in the works of Leonardo da Vinci.A desperate race through the cathedrals and castles of Europe.An astonishing truth concealed for centuries . . . unveiled at last.While in Paris, Harvard symbologist Robert Langdon is awakened by a phone call in the dead of the night. The elderly curator of the Louvre has been murdered inside the museum, his body c...
47~Animal Farm (Paperback)~George Orwell~1945~3.89~https://www.goodreads.com//book/show/7613.Animal_Farm~ Folwark zwierzęcy (ang. Animal Farm) – powieść angielskiego dziennikarza i pisarza George’a Orwella, przedstawiająca zwierzęta hodowlane, które wygnały ludzi i zaczęły same rządzić folwarkiem. Książka powstała w 1943, w czasie II wojny światowej; Orwell miał w tym czasie duże problemy z jej wydaniem. Ukazała się dopiero po zakończeniu wojny, w 1945. Jest alegorycznym przed...
48~The Kite Runner (Paperback)~Khaled Hosseini~2003~4.27~https://www.goodreads.com//book/show/77203.The_Kite_Runner~  “It may be unfair, but what happens in a few days, sometimes even a single day, can change the course of a whole lifetime." Amir is the son of a wealthy Kabul merchant, a member of the ruling caste of Pashtuns. Hassan, his servant and constant companion, is a Hazara, a despised and impoverished caste. Their uncommon bond is torn by Amir's choice to abandon his friend amid...
49~Lord of the Flies (Paperback)~William Golding~1954~3.66~https://www.goodreads.com//book/show/7624.Lord_of_the_Flies~ At the dawn of the next world war, a plane crashes on an uncharted island, stranding a group of schoolboys. At first, with no adult supervision, their freedom is something to celebrate; this far from civilization the boys can do anything they want. Anything. They attempt to forge their own society, failing, however, in the face of terror, sin and evil. And as order collaps...
50~The Hobbit (Paperback)~J.R.R. Tolkien~1937~4.25~https://www.goodreads.com//book/show/5907.The_Hobbit~ In a hole in the ground there lived a hobbit. Not a nasty, dirty, wet hole, filled with the ends of worms and an oozy smell, nor yet a dry, bare, sandy hole with nothing in it to sit down on or to eat: it was a hobbit-hole, and that means comfort.Written for J.R.R. Tolkien’s own children, The Hobbit met with instant critical acclaim when it was first published in 1937. Now...
51~Pride and Prejudice (Paperback)~Jane Austen~1813~4.24~https://www.goodreads.com//book/show/1885.Pride_and_Prejudice~ Since its immediate success in 1813, Pride and Prejudice has remained one of the most popular novels in the English language. Jane Austen called this brilliant work "her own darling child" and its vivacious heroine, Elizabeth Bennet, "as delightful a creature as ever appeared in print." The romantic clash between the opinionated Elizabeth and her proud beau, Mr. Darcy, is...
52~Harry Potter and the Chamber of Secrets (Harry Potter, #2)~J.K. Rowling~1998~4.39~https://www.goodreads.com//book/show/15881.Harry_Potter_and_the_Chamber_of_Secrets~ The Dursleys were so mean and hideous that summer that all Harry Potter wanted was to get back to the Hogwarts School for Witchcraft and Wizardry. But just as he's packing his bags, Harry receives a warning from a strange, impish creature named Dobby who says that if Harry Potter returns to Hogwarts, disaster will strikeAnd strike it does. For in Harry's second year at Hog...
53~The Handmaid's Tale (Paperback)~Margaret Atwood~1985~4.08~https://www.goodreads.com//book/show/38447.The_Handmaid_s_Tale~ Offred is a Handmaid in the Republic of Gilead. She may leave the home of the Commander and his wife once a day to walk to food markets whose signs are now pictures instead of words because women are no longer allowed to read. She must lie on her back once a month and pray that the Commander makes her pregnant, because in an age of declining births, Offred and the other Ha...
54~Harry Potter and the Prisoner of Azkaban (Harry Potter, #3)~J.K. Rowling~1999~4.54~https://www.goodreads.com//book/show/5.Harry_Potter_and_the_Prisoner_of_Azkaban~ Harry Potter's third year at Hogwarts is full of new dangers. A convicted murderer, Sirius Black, has broken out of Azkaban prison, and it seems he's after Harry. Now Hogwarts is being patrolled by the dementors, the Azkaban guards who are hunting Sirius. But Harry can't imagine that Sirius or, for that matter, the evil Lord Voldemort could be more frightening than the dem...
55~Life of Pi (Paperback)~Yann Martel~2001~3.89~https://www.goodreads.com//book/show/4214.Life_of_Pi~ Life of Pi is a fantasy adventure novel by Yann Martel published in 2001. The protagonist, Piscine Molitor "Pi" Patel, a Tamil boy from Pondicherry, explores issues of spirituality and practicality from an early age. He survives 227 days after a shipwreck while stranded on a boat in the Pacific Ocean with a Bengal tiger named Richard Parker....
56~Catching Fire (The Hunger Games, #2)~Suzanne Collins~2009~4.29~https://www.goodreads.com//book/show/6148028-catching-fire~ Sparks are igniting.Flames are spreading.And the Capitol wants revenge.Against all odds, Katniss has won the Hunger Games. She and fellow District 12 tribute Peeta Mellark are miraculously still alive. Katniss should be relieved, happy even. After all, she has returned to her family and her longtime friend, Gale. Yet nothing is the way Katniss wishes it to be. Gale holds h...
57~Harry Potter and the Goblet of Fire (Harry Potter, #4)~J.K. Rowling~2000~4.54~https://www.goodreads.com//book/show/6.Harry_Potter_and_the_Goblet_of_Fire~ Harry Potter is midway through his training as a wizard and his coming of age. Harry wants to get away from the pernicious Dursleys and go to the International Quidditch Cup. He wants to find out about the mysterious event that's supposed to take place at Hogwarts this year, an event involving two other rival schools of magic, and a competition that hasn't happened for a h...
58~The Alchemist (Paperback)~Paulo Coelho~1988~3.84~https://www.goodreads.com//book/show/865.The_Alchemist~ Paulo Coelho's masterpiece tells the mystical story of Santiago, an Andalusian shepherd boy who yearns to travel in search of a worldly treasure. His quest will lead him to riches far different—and far more satisfying—than he ever imagined. Santiago's journey teaches us about the essential wisdom of listening to our hearts, of recognizing opportunity and learning to read t...
59~The Girl with the Dragon Tattoo (Millennium, #1)~Stieg Larsson~2005~4.13~https://www.goodreads.com//book/show/2429135.The_Girl_with_the_Dragon_Tattoo~ A spellbinding amalgam of murder mystery, family saga, love story and financial intrigue.A Sensational #1 Bestseller â€“ Now a Major Motion Picture In Theaters March 2010.Itâ€™s about the disappearance forty years ago of Harriet Vanger, a young scion of one of the wealthiest families in Sweden . . . and about her octogenarian uncle, determined to know the truth about what he b...
60~Harry Potter and the Deathly Hallows (Harry Potter, #7)~J.K. Rowling~2007~4.62~https://www.goodreads.com//book/show/136251.Harry_Potter_and_the_Deathly_Hallows~ Harry Potter is leaving Privet Drive for the last time. But as he climbs into the sidecar of Hagridâ€™s motorbike and they take to the skies, he knows Lord Voldemort and the Death Eaters will not be far behind.The protective charm that has kept him safe until now is broken. But the Dark Lord is breathing fear into everything he loves. And he knows he canâ€™t keep hiding.To sto...
61~Harry Potter and the Half-Blood Prince (Harry Potter, #6)~J.K. Rowling~2005~4.55~https://www.goodreads.com//book/show/1.Harry_Potter_and_the_Half_Blood_Prince~ When Harry Potter and the Half-Blood Prince opens, the war against Voldemort has begun. The Wizarding world has split down the middle, and as the casualties mount, the effects even spill over onto the Muggles. Dumbledore is away from Hogwarts for long periods, and the Order of the Phoenix has suffered grievous losses. And yet, as in all wars, life goes on.Harry, Ron, and H...
62~Harry Potter and the Order of the Phoenix (Harry Potter, #5)~J.K. Rowling~2003~4.48~https://www.goodreads.com//book/show/2.Harry_Potter_and_the_Order_of_the_Phoenix~ There is a door at the end of a silent corridor. And itâ€™s haunting Harry Pottterâ€™s dreams. Why else would he be waking in the middle of the night, screaming in terror?Harry has a lot on his mind for this, his fifth year at Hogwarts: a Defense Against the Dark Arts teacher with a personality like poisoned honey; a big surprise on the Gryffindor Quidditch team; and the loomi...
63~Fahrenheit 451 (Mass Market Paperback)~Ray Bradbury~1953~3.96~https://www.goodreads.com//book/show/4381.Fahrenheit_451~ Fahrenheit 451 ofrece la historia de un sombrío y horroroso futuro. Montag, el protagonista, pertenece a una extraña brigada de bomberos cuya misión, paradójicamente, no es la de sofocar incendios sino la de provocarlos, para quemar libros. Porque en el país de Montag está terminantemente prohibido leer. Porque leer obliga a pensar, y en el país de Montag esta prohibido pe...
64~Mockingjay (The Hunger Games, #3)~Suzanne Collins~2010~4.02~https://www.goodreads.com//book/show/7260188-mockingjay~ My name is Katniss Everdeen.Why am I not dead?I should be dead.Katniss Everdeen, girl on fire, has survived, even though her home has been destroyed. Gale has escaped. Katniss's family is safe. Peeta has been captured by the Capitol. District 13 really does exist. There are rebels. There are new leaders. A revolution is unfolding.It is by design that Katniss was rescued fr...
65~Brave New World (Paperback)~Aldous Huxley~1932~3.98~https://www.goodreads.com//book/show/5129.Brave_New_World~ Brave New World is a dystopian novel written in 1931 by English author Aldous Huxley, and published in 1932. Largely set in a futuristic World State of genetically modified citizens and an intelligence-based social hierarchy, the novel anticipates huge scientific developments in reproductive technology, sleep-learning, psychological manipulation, and classical conditioning...
66~The Help (Hardcover)~Kathryn Stockett~2009~4.46~https://www.goodreads.com//book/show/4667024-the-help~ Be prepared to meet three unforgettable women:Twenty-two-year-old Skeeter has just returned home after graduating from Ole Miss. She may have a degree, but it is 1962, Mississippi, and her mother will not be happy till Skeeter has a ring on her finger. Skeeter would normally find solace with her beloved maid Constantine, the woman who raised her, but Constantine has disapp...
67~The Curious Incident of the Dog in the Night-Time (Paperback)~Mark Haddon~2003~3.86~https://www.goodreads.com//book/show/1618.The_Curious_Incident_of_the_Dog_in_the_Night_Time~ Christopher John Francis Boone knows all the countries of the world and their capitals and every prime number up to 7,057. He relates well to animals but has no understanding of human emotions. He cannot stand to be touched. And he detests the color yellow.Although gifted with a superbly logical brain, for fifteen-year-old Christopher everyday interactions and admonishment...
68~Of Mice and Men (Paperback)~John Steinbeck~1937~3.85~https://www.goodreads.com//book/show/890.Of_Mice_and_Men~ The compelling story of two outsiders striving to find their place in an unforgiving world. Drifters in search of work, George and his simple-minded friend Lennie have nothing in the world except each other and a dream--a dream that one day they will have some land of their own. Eventually they find work on a ranch in California’s Salinas Valley, but their hopes are doomed...
69~The Book Thief (Hardcover)~Markus Zusak~2005~4.36~https://www.goodreads.com//book/show/19063.The_Book_Thief~ Trying to make sense of the horrors of World War II, Death relates the story of Liesel--a young German girl whose book-stealing and story-telling talents help sustain her family and the Jewish man they are hiding, as well as their neighbors....
70~Slaughterhouse-Five (Paperback)~Kurt Vonnegut~1969~4.07~https://www.goodreads.com//book/show/4981.Slaughterhouse_Five~ Selected by the Modern Library as one of the 100 best novels of all time, Slaughterhouse-Five, an American classic, is one of the world's great antiwar books. Centering on the infamous firebombing of Dresden, Billy Pilgrim's odyssey through time reflects the mythic journey of our own fractured lives as we search for meaning in what we fear most....
71~Angels & Demons  (Robert Langdon, #1)~Dan Brown~2000~3.87~https://www.goodreads.com//book/show/960.Angels_Demons~ An ancient secret brotherhood.A devastating new weapon of destruction.An unthinkable target... When world-renowned Harvard symbologist Robert Langdon is summoned to a Swiss research facility to analyze a mysterious symbol -- seared into the chest of a murdered physicist -- he discovers evidence of the unimaginable: the resurgence of an ancient secret brotherhood known as t...
72~Gone Girl (Paperback)~Gillian Flynn~2012~4.14~https://www.goodreads.com//book/show/19288043-gone-girl~ On a warm summer morning in North Carthage, Missouri, it is Nick and Amy Dunne’s fifth wedding anniversary. Presents are being wrapped and reservations are being made when Nick’s clever and beautiful wife disappears. Husband-of-the-Year Nick isn’t doing himself any favors with cringe-worthy daydreams about the slope and shape of his wife’s head, but passages from Amy's dia...
73~The Time Traveler's Wife (ebook)~Audrey Niffenegger~2003~4.03~https://www.goodreads.com//book/show/18619684-the-time-traveler-s-wife~ A funny, often poignant tale of boy meets girl with a twist: what if one of them couldn't stop slipping in and out of time? Highly original and imaginative, this debut novel raises questions about life, love, and the effects of time on relationships.Audrey Niffenegger’s innovative debut, The Time Traveler’s Wife, is the story of Clare, a beautiful art student, and Henry, a...
74~The Lovely Bones (Mass Market Paperback)~Alice Sebold~2002~3.79~https://www.goodreads.com//book/show/12232938-the-lovely-bones~ The Lovely Bones is the story of a family devastated by a gruesome murder -- a murder recounted by the teenage victim. Upsetting, you say? Remarkably, first-time novelist Alice Sebold takes this difficult material and delivers a compelling and accomplished exploration of a fractured family's need for peace and closure.The details of the crime are laid out in the first few...
75~Jane Eyre (Paperback)~Charlotte Brontë~1847~4.10~https://www.goodreads.com//book/show/10210.Jane_Eyre~ Fiery love, shocking twists of fate, and tragic mysteries put a lonely governess in jeopardy in JANE EYRE Orphaned as a child, Jane has felt an outcast her whole young life. Her courage is tested once again when she arrives at Thornfield Hall, where she has been hired by the brooding, proud Edward Rochester to care for his ward Adèle. Jane finds herself drawn to his troubl...
76~The Fault in Our Stars (Hardcover)~John Green~2012~4.24~https://www.goodreads.com//book/show/11870085-the-fault-in-our-stars~ Despite the tumor-shrinking medical miracle that has bought her a few years, Hazel has never been anything but terminal, her final chapter inscribed upon diagnosis. But when a gorgeous plot twist named Augustus Waters suddenly appears at Cancer Kid Support Group, Hazel's story is about to be completely rewritten.Insightful, bold, irreverent, and raw, The Fault in Our Stars...
77~Water for Elephants (Paperback)~Sara Gruen~2006~4.07~https://www.goodreads.com//book/show/43641.Water_for_Elephants~ Winner of the 2007 BookBrowse Award for Most Popular Book.An atmospheric, gritty, and compelling novel of star-crossed lovers, set in the circus world circa 1932, by the bestselling author of Riding Lessons. When Jacob Jankowski, recently orphaned and suddenly adrift, jumps onto a passing train, he enters a world of freaks, drifters, and misfits, a second-rate circus strug...
78~Memoirs of a Geisha (Mass Market Paperback)~Arthur Golden~1997~4.26~https://www.goodreads.com//book/show/929.Memoirs_of_a_Geisha~ A literary sensation and runaway bestseller, this brilliant debut novel presents with seamless authenticity and exquisite lyricism the true confessions of one of Japan's most celebrated geisha.In Memoirs of a Geisha, we enter a world where appearances are paramount; where a girl's virginity is auctioned to the highest bidder; where women are trained to beguile the most pow...
79~A Game of Thrones (A Song of Ice and Fire, #1)~George R.R. Martin~1996~4.45~https://www.goodreads.com//book/show/13496.A_Game_of_Thrones~ Here is the first volume in George R. R. Martinâ€™s magnificent cycle of novels that includes A Clash of Kings and A Storm of Swords. As a whole, this series comprises a genuine masterpiece of modern fantasy, bringing together the best the genre has to offer. Magic, mystery, intrigue, romance, and adventure fill these pages and transport us to a world unlike any we have ever...
80~Harry Potter and the Sorcerer's Stone (Harry Potter, #1)~J.K. Rowling~1997~4.46~https://www.goodreads.com//book/show/3.Harry_Potter_and_the_Sorcerer_s_Stone~ Harry Potter's life is miserable. His parents are dead and he's stuck with his heartless relatives, who force him to live in a tiny closet under the stairs. But his fortune changes when he receives a letter that tells him the truth about himself: he's a wizard. A mysterious visitor rescues him from his relatives and takes him to his new home, Hogwarts School of Witchcraft...
81~The Hobbit (Paperback)~J.R.R. Tolkien~1937~4.25~https://www.goodreads.com//book/show/5907.The_Hobbit~ In a hole in the ground there lived a hobbit. Not a nasty, dirty, wet hole, filled with the ends of worms and an oozy smell, nor yet a dry, bare, sandy hole with nothing in it to sit down on or to eat: it was a hobbit-hole, and that means comfort.Written for J.R.R. Tolkien’s own children, The Hobbit met with instant critical acclaim when it was first published in 1937. Now...
82~Harry Potter and the Chamber of Secrets (Harry Potter, #2)~J.K. Rowling~1998~4.39~https://www.goodreads.com//book/show/15881.Harry_Potter_and_the_Chamber_of_Secrets~ The Dursleys were so mean and hideous that summer that all Harry Potter wanted was to get back to the Hogwarts School for Witchcraft and Wizardry. But just as he's packing his bags, Harry receives a warning from a strange, impish creature named Dobby who says that if Harry Potter returns to Hogwarts, disaster will strikeAnd strike it does. For in Harry's second year at Hog...
83~Harry Potter and the Prisoner of Azkaban (Harry Potter, #3)~J.K. Rowling~1999~4.54~https://www.goodreads.com//book/show/5.Harry_Potter_and_the_Prisoner_of_Azkaban~ Harry Potter's third year at Hogwarts is full of new dangers. A convicted murderer, Sirius Black, has broken out of Azkaban prison, and it seems he's after Harry. Now Hogwarts is being patrolled by the dementors, the Azkaban guards who are hunting Sirius. But Harry can't imagine that Sirius or, for that matter, the evil Lord Voldemort could be more frightening than the dem...
84~Harry Potter and the Goblet of Fire (Harry Potter, #4)~J.K. Rowling~2000~4.54~https://www.goodreads.com//book/show/6.Harry_Potter_and_the_Goblet_of_Fire~ Harry Potter is midway through his training as a wizard and his coming of age. Harry wants to get away from the pernicious Dursleys and go to the International Quidditch Cup. He wants to find out about the mysterious event that's supposed to take place at Hogwarts this year, an event involving two other rival schools of magic, and a competition that hasn't happened for a h...
85~Harry Potter and the Deathly Hallows (Harry Potter, #7)~J.K. Rowling~2007~4.62~https://www.goodreads.com//book/show/136251.Harry_Potter_and_the_Deathly_Hallows~ Harry Potter is leaving Privet Drive for the last time. But as he climbs into the sidecar of Hagridâ€™s motorbike and they take to the skies, he knows Lord Voldemort and the Death Eaters will not be far behind.The protective charm that has kept him safe until now is broken. But the Dark Lord is breathing fear into everything he loves. And he knows he canâ€™t keep hiding.To sto...
86~Harry Potter and the Half-Blood Prince (Harry Potter, #6)~J.K. Rowling~2005~4.55~https://www.goodreads.com//book/show/1.Harry_Potter_and_the_Half_Blood_Prince~ When Harry Potter and the Half-Blood Prince opens, the war against Voldemort has begun. The Wizarding world has split down the middle, and as the casualties mount, the effects even spill over onto the Muggles. Dumbledore is away from Hogwarts for long periods, and the Order of the Phoenix has suffered grievous losses. And yet, as in all wars, life goes on.Harry, Ron, and H...
87~Harry Potter and the Order of the Phoenix (Harry Potter, #5)~J.K. Rowling~2003~4.48~https://www.goodreads.com//book/show/2.Harry_Potter_and_the_Order_of_the_Phoenix~ There is a door at the end of a silent corridor. And itâ€™s haunting Harry Pottterâ€™s dreams. Why else would he be waking in the middle of the night, screaming in terror?Harry has a lot on his mind for this, his fifth year at Hogwarts: a Defense Against the Dark Arts teacher with a personality like poisoned honey; a big surprise on the Gryffindor Quidditch team; and the loomi...
88~A Game of Thrones (A Song of Ice and Fire, #1)~George R.R. Martin~1996~4.45~https://www.goodreads.com//book/show/13496.A_Game_of_Thrones~ Here is the first volume in George R. R. Martinâ€™s magnificent cycle of novels that includes A Clash of Kings and A Storm of Swords. As a whole, this series comprises a genuine masterpiece of modern fantasy, bringing together the best the genre has to offer. Magic, mystery, intrigue, romance, and adventure fill these pages and transport us to a world unlike any we have ever...
89~The Fellowship of the Ring (The Lord of the Rings, #1)~J.R.R. Tolkien~1954~4.34~https://www.goodreads.com//book/show/34.The_Fellowship_of_the_Ring~ Alternate Cover Edition ISBN 0618260269 (copyright page ISBN is 0618346252 - different from back cover)One Ring to rule them all, One Ring to find them, One Ring to bring them all and in the darkeness bind themIn ancient times the Rings of Power were crafted by the Elven-smiths, and Sauron, The Dark Lord, forged the One Ring, filling it with his own power so that he could...
90~A Clash of Kings  (A Song of Ice and Fire, #2)~George R.R. Martin~1998~4.41~https://www.goodreads.com//book/show/10572.A_Clash_of_Kings~ A comet the color of blood and flame cuts across the sky. Two great leaders—Lord Eddard Stark and Robert Baratheon—who hold sway over an age of enforced peace are dead, victims of royal treachery. Now, from the ancient citadel of Dragonstone to the forbidding shores of Winterfell, chaos reigns. Six factions struggle for control of a divided land and the Iron Throne of the...
91~The Two Towers (The Lord of the Rings, #2)~J.R.R. Tolkien~1954~4.43~https://www.goodreads.com//book/show/15241.The_Two_Towers~ The Fellowship was scattered. Some were bracing hopelessly for war against the ancient evil of Sauron. Some were contending with the treachery of the wizard Saruman. Only Frodo and Sam were left to take the accursed Ring of Power to be destroyed in Mordorâ€“the dark Kingdom where Sauron was supreme. Their guide was Gollum, deceitful and lust-filled, slave to the corruption o...
92~A Storm of Swords (A Song of Ice and Fire, #3)~George R.R. Martin~2000~4.54~https://www.goodreads.com//book/show/62291.A_Storm_of_Swords~ An alternate cover for this isbn can be found here.Here is the third volume in George R.R. Martin's magnificent cycle of novels that includes A Game of Thrones and A Clash of Kings. Together, this series comprises a genuine masterpiece of modern fantasy, destined to stand as one of the great achievements of imaginative fiction.Of the five contenders for power, one is dead,...
93~The Name of the Wind (The Kingkiller Chronicle, #1)~Patrick Rothfuss~2007~4.55~https://www.goodreads.com//book/show/186074.The_Name_of_the_Wind~ Told in Kvothe's own voice, this is the tale of the magically gifted young man who grows to be the most notorious wizard his world has ever seen. The intimate narrative of his childhood in a troupe of traveling players, his years spent as a near-feral orphan in a crime-ridden city, his daringly brazen yet successful bid to enter a legendary school of magic, and his life as...
94~The Return of the King (The Lord of the Rings, #3)~J.R.R. Tolkien~1955~4.52~https://www.goodreads.com//book/show/18512.The_Return_of_the_King~ Alternate cover edition here.The Companions of the Ring have become involved in separate adventures as the quest continues. Aragorn, revealed as the hidden heir of the ancient Kings of the West, joined with the Riders of Rohan against the forces of Isengard, and took part in the desperate victory of the Hornburg. Merry and Pippin, captured by Orcs, escaped into Fangorn For...
95~A Feast for Crows (A Song of Ice and Fire, #4)~George R.R. Martin~2005~4.11~https://www.goodreads.com//book/show/13497.A_Feast_for_Crows~ Alternate covers can be found here.With A Feast for Crows, Martin delivers the long-awaited fourth volume of the landmark series that has redefined imaginative fiction and stands as a modern masterpiece in the making.After centuries of bitter strife, the seven powers dividing the land have beaten one another into an uneasy truce. But it's not long before the survivors, out...
96~The Lion, the Witch and the Wardrobe (Chronicles of Narnia, #1)~C.S. Lewis~1950~4.20~https://www.goodreads.com//book/show/100915.The_Lion_the_Witch_and_the_Wardrobe~ They open a door and enter a world NARNIA...the land beyond the wardrobe, the secret country known only to Peter, Susan, Edmund, and Lucy...the place where the adventure begins. Lucy is the first to find the secret of the wardrobe in the professor's mysterious old house. At first, no one believes her when she tells of her adventures in the land of Narnia. But soon Edmund a...
97~Eragon (The Inheritance Cycle, #1)~Christopher Paolini~2002~3.88~https://www.goodreads.com//book/show/113436.Eragon~ Eragon and the fledgling dragon must navigate the dangerous terrain and dark enemies of an empire ruled by a king whose evil knows no bounds. Can Eragon take up the mantle of the legendary Dragon Riders?When Eragon finds a polished blue stone in the forest, he thinks it is the lucky discovery of a poor farm boy; perhaps it will buy his family meat for the winter. But when...
98~The Golden Compass (His Dark Materials, #1)~Philip Pullman~1995~3.95~https://www.goodreads.com//book/show/119322.The_Golden_Compass~ Lyra is rushing to the cold, far North, where witch clans and armored bears rule. North, where the Gobblers take the children they steal--including her friend Roger. North, where her fearsome uncle Asriel is trying to build a bridge to a parallel world.Can one small girl make a difference in such great and terrible endeavors? This is Lyra: a savage, a schemer, a liar, and...
99~A Dance with Dragons (A Song of Ice and Fire, #5)~George R.R. Martin~2011~4.31~https://www.goodreads.com//book/show/10664113-a-dance-with-dragons~ In the aftermath of a colossal battle, the future of the Seven Kingdoms hangs in the balanceâ€”beset by newly emerging threats from every direction. In the east, Daenerys Targaryen, the last scion of House Targaryen, rules with her three dragons as queen of a city built on dust and death. But Daenerys has thousands of enemies, and many have set out to find her. As they gathe...
100~American Gods (Kindle Edition)~Neil Gaiman~2001~4.14~https://www.goodreads.com//book/show/30165203-american-gods~ Days before his release from prison, Shadow's wife, Laura, dies in a mysterious car crash. Numbly, he makes his way back home. On the plane, he encounters the enigmatic Mr Wednesday, who claims to be a refugee from a distant war, a former god and the king of America.Together they embark on a profoundly strange journey across the heart of the USA, whilst all around them a s...
101~The Lightning Thief (Percy Jackson and the Olympians, #1)~Rick Riordan~2005~4.24~https://www.goodreads.com//book/show/28187.The_Lightning_Thief~ Alternate cover for this ISBN can be found herePercy Jackson is a good kid, but he can't seem to focus on his schoolwork or control his temper. And lately, being away at boarding school is only getting worse - Percy could have sworn his pre-algebra teacher turned into a monster and tried to kill him. When Percy's mom finds out, she knows it's time that he knew the truth ab...
102~The Final Empire (Mistborn, #1)~Brandon Sanderson~2006~4.43~https://www.goodreads.com//book/show/68428.The_Final_Empire~ In a world where ash falls from the sky, and mist dominates the night, an evil cloaks the land and stifles all life. The future of the empire rests on the shoulders of a troublemaker and his young apprentice. Together, can they fill the world with color once more?In Brandon Sanderson's intriguing tale of love, loss, despair and hope, a new kind of magic enters the stage â€”...
103~Twilight (Twilight, #1)~Stephenie Meyer~2005~3.58~https://www.goodreads.com//book/show/41865.Twilight~ About three things I was absolutely positive.First, Edward was a vampire.Second, there was a part of him—and I didn't know how dominant that part might be—that thirsted for my blood.And third, I was unconditionally and irrevocably in love with him.In the first book of the Twilight Saga, internationally bestselling author Stephenie Meyer introduces Bella Swan and Edward Cul...
104~City of Bones (The Mortal Instruments, #1)~Cassandra Clare~2007~4.12~https://www.goodreads.com//book/show/256683.City_of_Bones~ When fifteen-year-old Clary Fray heads out to the Pandemonium Club in New York City, she hardly expects to witness a murderâ€• much less a murder committed by three teenagers covered with strange tattoos and brandishing bizarre weapons. Then the body disappears into thin air. It's hard to call the police when the murderers are invisible to everyone else and when there is not...
105~The Lord of the Rings (The Lord of the Rings, #1-3)~J.R.R. Tolkien~1955~4.47~https://www.goodreads.com//book/show/33.The_Lord_of_the_Rings~ One Ring to rule them all, One Ring to find them, One Ring to bring them all and in the darkness bind themIn ancient times the Rings of Power were crafted by the Elven-smiths, and Sauron, the Dark Lord, forged the One Ring, filling it with his own power so that he could rule all others. But the One Ring was taken from him, and though he sought it throughout Middle-earth, i...
106~Neverwhere (London Below, #1)~Neil Gaiman~1996~4.18~https://www.goodreads.com//book/show/14497.Neverwhere~ Under the streets of London there's a place most people could never even dream of. A city of monsters and saints, murderers and angels, knights in armour and pale girls in black velvet. This is the city of the people who have fallen between the cracks.Richard Mayhew, a young businessman, is going to find out more than enough about this other London. A single act of kindnes...
107~The Eye of the World (Wheel of Time, #1)~Robert Jordan~1990~4.19~https://www.goodreads.com//book/show/228665.The_Eye_of_the_World~ The Wheel of Time turns and Ages come and go, leaving memories that become legend. Legend fades to myth, and even myth is long forgotten when the Age that gave it birth returns again. In the Third Age, an Age of Prophecy, the World and Time themselves hang in the balance. What was, what will be, and what is, may yet fall under the Shadow....
108~The Wise Man's Fear (The Kingkiller Chronicle, #2)~Patrick Rothfuss~2011~4.58~https://www.goodreads.com//book/show/1215032.The_Wise_Man_s_Fear~ â€œThere are three things all wise men fear: the sea in storm, a night with no moon, and the anger of a gentle man.â€�My name is Kvothe.I have stolen princesses back from sleeping barrow kings. I burned down the town of Trebon. I have spent the night with Felurian and left with both my sanity and my life. I was expelled from the University at a younger age than most people are...
109~Throne of Glass (Throne of Glass, #1)~Sarah J. Maas~2012~4.23~https://www.goodreads.com//book/show/7896527-throne-of-glass~ This is a previously published edition of  ISBN13: 9781599906959.After serving out a year of hard labor in the salt mines of Endovier for her crimes, 18-year-old assassin Celaena Sardothien is dragged before the Crown Prince. Prince Dorian offers her her freedom on one condition: she must act as his champion in a competition to find a new royal assassin.Her opponents are m...
110~Graceling (Graceling Realm, #1)~Kristin Cashore~2008~4.10~https://www.goodreads.com//book/show/3236307-graceling~ Katsa has been able to kill a man with her bare hands since she was eightâ€”sheâ€™s a Graceling, one of the rare people in her land born with an extreme skill. As niece of the king, she should be able to live a life of privilege, but Graced as she is with killing, she is forced to work as the kingâ€™s thug. She never expects to fall in love with beautiful Prince Po. She never ex...
111~The Night Circus (Hardcover)~Erin Morgenstern~2011~4.03~https://www.goodreads.com//book/show/9361589-the-night-circus~ The circus arrives without warning. No announcements precede it. It is simply there, when yesterday it was not. Within the black-and-white striped canvas tents is an utterly unique experience full of breathtaking amazements. It is called Le Cirque des RÃªves, and it is only open at night. But behind the scenes, a fierce competition is underwayâ€”a duel between two young magic...
112~The Princess Bride (Paperback)~William Goldman~1973~4.26~https://www.goodreads.com//book/show/21787.The_Princess_Bride~ What happens when the most beautiful girl in the world marries the handsomest prince of all time and he turns out to be...well...a lot less than the man of her dreams?As a boy, William Goldman claims, he loved to hear his father read the S. Morgenstern classic, The Princess Bride. But as a grown-up he discovered that the boring parts were left out of good old Dad's recitat...
113~Good Omens: The Nice and Accurate Prophecies of Agnes Nutter, Witch (Mass Market Paperback)~Terry Pratchett~1990~4.26~https://www.goodreads.com//book/show/12067.Good_Omens~ An alternative cover for this ISBN can be found hereAccording to The Nice and Accurate Prophecies of Agnes Nutter, Witch (the world's only completely accurate book of prophecies, written in 1655, before she exploded), the world will end on a Saturday. Next Saturday, in fact. Just before dinner.So the armies of Good and Evil are amassing, Atlantis is rising, frogs are falli...
114~The Color of Magic (Discworld, #1; Rincewind #1)~Terry Pratchett~1983~4.02~https://www.goodreads.com//book/show/34497.The_Color_of_Magic~ Terry Pratchett's profoundly irreverent, bestselling novels have garnered him a revered position in the halls of parody next to the likes of Mark Twain, Kurt Vonnegut, Douglas Adams, and Carl Hiaasen.The Color of Magic is Terry Pratchett's maiden voyage through the now-legendary land of Discworld. This is where it all begins -- with the tourist Twoflower and his wizard gui...
115~The Subtle Knife (His Dark Materials, #2)~Philip Pullman~1997~4.28~https://www.goodreads.com//book/show/41637836-the-subtle-knife~ ASIN moved from  this editionThe second instalment in Philip Pullmanâ€™s His Dark Materials trilogy, join Lyra as her terrifying journey continues.-----She had asked: What is he? A friend or an enemy?The alethiometer answered: He is a murderer.When she saw the answer, she relaxed at once.Lyra finds herself in a shimmering, haunted otherworld â€“ CittÃ gazze, where soul-eating S...
116~Harry Potter and the Cursed Child - Parts One and Two (Harry Potter, #8)~John Tiffany~2016~3.67~https://www.goodreads.com//book/show/29056083-harry-potter-and-the-cursed-child---parts-one-and-two~ Based on an original new story by J.K. Rowling, Jack Thorne and John Tiffany, a new play by Jack Thorne, Harry Potter and the Cursed Child is the eighth story in the Harry Potter series and the first official Harry Potter story to be presented on stage. The play will receive its world premiere in London’s West End on July 30, 2016.It was always difficult being Harry Potter...
117~The Sea of Monsters (Percy Jackson and the Olympians, #2)~Rick Riordan~2006~4.24~https://www.goodreads.com//book/show/28186.The_Sea_of_Monsters~ The heroic son of Poseidon makes an action-packed comeback in the second must-read installment of Rick Riordan's amazing young readers series. Starring Percy Jackson, a "half blood" whose mother is human and whose father is the God of the Sea, Riordan's series combines cliffhanger adventure and Greek mythology lessons that results in true page-turners that get better with...
118~The Lies of Locke Lamora (Gentleman Bastard, #1)~Scott Lynch~2006~4.31~https://www.goodreads.com//book/show/29588376-the-lies-of-locke-lamora~ An orphanâ€™s life is harshâ€”and often shortâ€”in the mysterious island city of Camorr. But young Locke Lamora dodges death and slavery, becoming a thief under the tutelage of a gifted con artist. As leader of the band of light-fingered brothers known as the Gentleman Bastards, Locke is soon infamous, fooling even the underworldâ€™s most feared ruler. But in the shadows lurks som...
119~Assassin's Apprentice (Farseer Trilogy, #1)~Robin Hobb~1995~4.21~https://www.goodreads.com//book/show/77197.Assassin_s_Apprentice~ In a faraway land where members of the royal family are named for the virtues they embody, one young boy will become a walking enigma.Born on the wrong side of the sheets, Fitz, son of Chivalry Farseer, is a royal bastard, cast out into the world, friendless and lonely. Only his magical link with animals - the old art known as the Wit - gives him solace and companionship....
120~The Diary of a Young Girl (Mass Market Paperback)~Anne Frank~1947~4.12~https://www.goodreads.com//book/show/48855.The_Diary_of_a_Young_Girl~ Anne Frank's extraordinary diary, written in the Amsterdam attic where she and her family hid from the Nazis for two years, has become a world classic and a timeless testament to the human spirit. Now, in a new edition enriched by many passages originally withheld by her father, we meet an Anne more real, more human, and more vital than ever. Here she is first and foremost...
121~Freakonomics: A Rogue Economist Explores the Hidden Side of Everything (Freakonomics, #1)~Steven D. Levitt~2005~3.95~https://www.goodreads.com//book/show/1202.Freakonomics~ Which is more dangerous, a gun or a swimming pool? What do schoolteachers and sumo wrestlers have in common? Why do drug dealers still live with their moms? How much do parents really matter? What kind of impact did Roe v. Wade have on violent crime? Freakonomics will literally redefine the way we view the modern world.These may not sound like typical questions for an econ...
122~The Immortal Life of Henrietta Lacks (Hardcover)~Rebecca Skloot~2010~4.04~https://www.goodreads.com//book/show/6493208-the-immortal-life-of-henrietta-lacks~  Intimate in feeling, astonishing in scope, and impossible to put down, The Immortal Life of Henrietta Lacks captures the beauty and drama of scientific discovery, as well as its human consequences. Her name was Henrietta Lacks, but scientists know her as HeLa. She was a poor Southern tobacco farmer who worked the same land as her slave ancestors, yet her cells—taken witho...
123~The Devil in the White City: Murder, Magic, and Madness at the Fair That Changed America (Audio Cassette)~Erik Larson~2003~4.00~https://www.goodreads.com//book/show/21996.The_Devil_in_the_White_City~ Erik Larson's gifts as a storyteller are magnificently displayed in this rich narrative of the master builder, the killer, and the great fair that obsessed them both.Two men, each handsome and unusually adept at his chosen work, embodied an element of the great dynamic that characterized America's rush toward the twentieth century. The architect was Daniel Hudson Burnham,...
124~Bossypants (Kindle Edition)~Tina Fey~2011~3.96~https://www.goodreads.com//book/show/9418327-bossypants~ Before Liz Lemon, before "Weekend Update," before "Sarah Palin," Tina Fey was just a young girl with a dream: a recurring stress dream that she was being chased through a local airport by her middle-school gym teacher. She also had a dream that one day she would be a comedian on TV.She has seen both these dreams come true.At last, Tina Fey's story can be told. From her you...
125~Into the Wild (Paperback)~Jon Krakauer~1996~3.96~https://www.goodreads.com//book/show/1845.Into_the_Wild~ Librarian's Note: An alternate cover edition can be found hereIn April 1992 a young man from a well-to-do family hitchhiked to Alaska and walked alone into the wilderness north of Mt. McKinley. His name was Christopher Johnson McCandless. He had given $25,000 in savings to charity, abandoned his car and most of his possessions, burned all the cash in his wallet, and invent...
126~The Tipping Point: How Little Things Can Make a Big Difference (Paperback)~Malcolm Gladwell~2000~3.94~https://www.goodreads.com//book/show/2612.The_Tipping_Point~ An alternate cover edition exist here.The tipping point is that magic moment when an idea, trend, or social behavior crosses a threshold, tips, and spreads like wildfire. Just as a single sick person can start an epidemic of the flu, so too can a small but precisely targeted push cause a fashion trend, the popularity of a new product, or a drop in the crime rate. This wide...
127~A Short History of Nearly Everything (Paperback)~Bill Bryson~2003~4.19~https://www.goodreads.com//book/show/21.A_Short_History_of_Nearly_Everything~ In Bryson's biggest book, he confronts his greatest challenge: to understand—and, if possible, answer—the oldest, biggest questions we have posed about the universe and ourselves. Taking as territory everything from the Big Bang to the rise of civilization, Bryson seeks to understand how we got from there being nothing at all to there being us. To that end, he has attached...
128~Night (The Night Trilogy, #1)~Elie Wiesel~1958~4.31~https://www.goodreads.com//book/show/1617.Night~ Born in the town of Sighet, Transylvania, Elie Wiesel was a teenager when he and his family were taken from their home in 1944 to Auschwitz concentration camp, and then to Buchenwald. Night is the terrifying record of Elie Wiesel's memories of the death of his family, the death of his own innocence, and his despair as a deeply observant Jew confronting the absolute evil of...
129~Blink: The Power of Thinking Without Thinking (Paperback)~Malcolm Gladwell~2005~3.91~https://www.goodreads.com//book/show/40102.Blink~ Drawing on cutting-edge neuroscience and psychology and displaying all of the brilliance that made The Tipping Point a classic, Blink changes the way you'll understand every decision you make. Never again will you think about thinking the same way.Malcolm Gladwell redefined how we understand the world around us. Now, in Blink, he revolutionizes the way we understand the wo...
130~In Cold Blood (Paperback)~Truman Capote~1966~4.05~https://www.goodreads.com//book/show/168642.In_Cold_Blood~ On November 15, 1959, in the small town of Holcomb, Kansas, four members of the Clutter family were savagely murdered by blasts from a shotgun held a few inches from their faces. There was no apparent motive for the crime, and there were almost no clues. As Truman Capote reconstructs the murder and the investigation that led to the capture, trial, and execution of the kill...
131~Guns, Germs, and Steel: The Fates of Human Societies (Paperback)~Jared Diamond~1997~4.01~https://www.goodreads.com//book/show/1842.Guns_Germs_and_Steel~ "Diamond has written a book of remarkable scope ... one of the most important and readable works on the human past published in recent years."Winner of the Pulitzer Prize and a national bestseller: the global account of the rise of civilization that is also a stunning refutation of ideas of human development based on race.In this "artful, informative, and delightful" (Will...
132~Unbroken: A World War II Story of Survival, Resilience and Redemption (Hardcover)~Laura Hillenbrand~2010~4.37~https://www.goodreads.com//book/show/8664353-unbroken~  In her long-awaited new book, Laura Hillenbrand writes with the same rich and vivid narrative voice she displayed in Seabiscuit. Telling an unforgettable story of a man's journey into extremity, Unbroken is a testament to the resilience of the human mind, body, and spirit. On a May afternoon in 1943, an Army Air Forces bomber crashed into the Pacific Ocean and disappeared...
133~Stiff: The Curious Lives of Human Cadavers (Paperback)~Mary Roach~2003~4.06~https://www.goodreads.com//book/show/32145.Stiff~ Stiff is an oddly compelling, often hilarious exploration of the strange lives of our bodies postmortem. For two thousand years, cadaversâ€”some willingly, some unwittinglyâ€”have been involved in science's boldest strides and weirdest undertakings. In this fascinating account, Mary Roach visits the good deeds of cadavers over the centuries and tells the engrossing story of ou...
134~Into Thin Air: A Personal Account of the Mount Everest Disaster (Paperback)~Jon Krakauer~1997~4.13~https://www.goodreads.com//book/show/1898.Into_Thin_Air~ A bank of clouds was assembling on the not-so-distant horizon, but journalist-mountaineer Jon Krakauer, standing on the summit of Mt. Everest, saw nothing that "suggested that a murderous storm was bearing down." He was wrong. The storm, which claimed five lives and left countless more--including Krakauer's--in guilt-ridden disarray, would also provide the impetus for Into...
135~The Glass Castle (Paperback)~Jeannette Walls~2005~4.25~https://www.goodreads.com//book/show/7445.The_Glass_Castle~ A tender, moving tale of unconditional love in a family that, despite its profound flaws, gave the author the fiery determination to carve out a successful life on her own terms.Jeannette Walls grew up with parents whose ideals and stubborn nonconformity were both their curse and their salvation. Rex and Rose Mary Walls had four children. In the beginning, they lived like...
136~On Writing: A Memoir of the Craft (Mass Market Paperback)~Stephen King~2000~4.31~https://www.goodreads.com//book/show/10569.On_Writing~ "Long live the King" hailed Entertainment Weekly upon the publication of Stephen King's On Writing. Part memoir, part master class by one of the bestselling authors of all time, this superb volume is a revealing and practical view of the writer's craft, comprising the basic tools of the trade every writer must have. King's advice is grounded in his vivid memories from chil...
137~Wild: From Lost to Found on the Pacific Crest Trail (Hardcover)~Cheryl Strayed~2012~3.97~https://www.goodreads.com//book/show/12262741-wild~ At twenty-two, Cheryl Strayed thought she had lost everything. In the wake of her motherâ€™s death, her family scattered and her own marriage was soon destroyed. Four years later, with nothing more to lose, she made the most impulsive decision of her life. With no experience or training, driven only by blind will, she would hike more than a thousand miles of the Pacific Cres...
138~Yes Please (Hardcover)~Amy Poehler~2014~3.81~https://www.goodreads.com//book/show/20910157-yes-please~ In Amy Poehlerâ€™s highly anticipated first book, Yes Please, she offers up a big juicy stew of personal stories, funny bits on sex and love and friendship and parenthood and real life advice (some useful, some not so much), like when to be funny and when to be serious. Powered by Amyâ€™s charming and hilarious, biting yet wise voice, Yes Please is a book full of words to live...
139~The Life-Changing Magic of Tidying Up: The Japanese Art of Decluttering and Organizing (Hardcover)~Marie Kondō~2011~3.78~https://www.goodreads.com//book/show/22318578-the-life-changing-magic-of-tidying-up~ Despite constant efforts to declutter your home, do papers still accumulate like snowdrifts and clothes pile up like a tangled mess of noodles?Japanese cleaning consultant Marie Kondo takes tidying to a whole new level, promising that if you properly simplify and organize your home once, you'll never have to do it again. Most methods advocate a room-by-room or little-by-li...
140~Eat, Pray, Love (Paperback)~Elizabeth Gilbert~2006~3.53~https://www.goodreads.com//book/show/19501.Eat_Pray_Love~ A celebrated writer's irresistible, candid, and eloquent account of her pursuit of worldly pleasure, spiritual devotion, and what she really wanted out of life. Around the time Elizabeth Gilbert turned thirty, she went through an early-onslaught midlife crisis. She had everything an educated, ambitious American woman was supposed to wantâ€”a husband, a house, a successful ca...
141~A Walk in the Woods (Mass Market Paperback)~Bill Bryson~1997~4.06~https://www.goodreads.com//book/show/9791.A_Walk_in_the_Woods~ Subtitle: Rediscovering America on the Appalachian Trail. The Appalachian Trail stretches from Georgia to Maine and covers some of the most breathtaking terrain in America–majestic mountains, silent forests, sparking lakes. If you’re going to take a hike, it’s probably the place to go. And Bill Bryson is surely the most entertaining guide you’ll find. He introduces us to t...
142~Between the World and Me (Hardcover)~Ta-Nehisi Coates~2015~4.39~https://www.goodreads.com//book/show/25489625-between-the-world-and-me~ In a profound work that pivots from the biggest questions about American history and ideals to the most intimate concerns of a father for his son, Ta-Nehisi Coates offers a powerful new framework for understanding our nation’s history and current crisis. Americans have built an empire on the idea of “race,” a falsehood that damages us all but falls most heavily on the bodi...
143~A Brief History of Time (Paperback)~Stephen Hawking~1987~4.15~https://www.goodreads.com//book/show/3869.A_Brief_History_of_Time~ In the ten years since its publication in 1988, Stephen Hawking's classic work has become a landmark volume in scientific writing, with more than nine million copies in forty languages sold worldwide. That edition was on the cutting edge of what was then known about the origins and nature of the universe. But the intervening years have seen extraordinary advances in the te...
144~Sapiens: A Brief History of Humankind (Paperback)~Yuval Noah Harari~2011~4.44~https://www.goodreads.com//book/show/23692271-sapiens~ 100,000 years ago, at least six human species inhabited the earth. Today there is just one. Us. Homo sapiens. How did our species succeed in the battle for dominance? Why did our foraging ancestors come together to create cities and kingdoms? How did we come to believe in gods, nations and human rights; to trust money, books and laws; and to be enslaved by bureaucracy, tim...
145~Is Everyone Hanging Out Without Me? (And Other Concerns)~Mindy Kaling~2011~3.84~https://www.goodreads.com//book/show/10335308-is-everyone-hanging-out-without-me~ Mindy Kaling has lived many lives: the obedient child of immigrant professionals, a timid chubster afraid of her own bike, a Ben Affleck–impersonating Off-Broadway performer and playwright, and, finally, a comedy writer and actress prone to starting fights with her friends and coworkers with the sentence “Can I just say one last thing about this, and then I swear I’ll shut...
146~The Omnivore's Dilemma: A Natural History of Four Meals (Hardcover)~Michael Pollan~2006~4.17~https://www.goodreads.com//book/show/3109.The_Omnivore_s_Dilemma~ Today, buffeted by one food fad after another, America is suffering from what can only be described as a national eating disorder. Will it be fast food tonight, or something organic? Or perhaps something we grew ourselves? The question of what to have for dinner has confronted us since man first discovered fire. But, as Michael Pollan explains in this revolutionary book, h...
147~We Should All Be Feminists (Kindle Edition)~Chimamanda Ngozi Adichie~2014~4.47~https://www.goodreads.com//book/show/22738563-we-should-all-be-feminists~ What does “feminism” mean today? That is the question at the heart of We Should All Be Feminists, a personal, eloquently-argued essay—adapted from her much-viewed TEDx talk of the same name—by Chimamanda Ngozi Adichie, the award-winning author of Americanah and Half of a Yellow Sun. With humor and levity, here Adichie offers readers a unique definition of feminism for the...
148~The God Delusion (Hardcover)~Richard Dawkins~2006~3.89~https://www.goodreads.com//book/show/14743.The_God_Delusion~ A preeminent scientist -- and the world's most prominent atheist -- asserts the irrationality of belief in God and the grievous harm religion has inflicted on society, from the Crusades to 9/11.With rigor and wit, Dawkins examines God in all his forms, from the sex-obsessed tyrant of the Old Testament to the more benign (but still illogical) Celestial Watchmaker favored by...
149~I Am Malala: The Story of the Girl Who Stood Up for Education and Was Shot by the Taliban (Hardcover)~Malala Yousafzai~2012~4.09~https://www.goodreads.com//book/show/17851885-i-am-malala~ I come from a country that was created at midnight. When I almost died it was just after midday.When the Taliban took control of the Swat Valley in Pakistan, one girl spoke out. Malala Yousafzai refused to be silenced and fought for her right to an education.On Tuesday, October 9, 2012, when she was fifteen, she almost paid the ultimate price. She was shot in the head at p...
150~When Breath Becomes Air (Kindle Edition)~Paul Kalanithi~2016~4.33~https://www.goodreads.com//book/show/25899336-when-breath-becomes-air~ For readers of Atul Gawande, Andrew Solomon, and Anne Lamott, a profoundly moving, exquisitely observed memoir by a young neurosurgeon faced with a terminal cancer diagnosis who attempts to answer the question What makes a life worth living?At the age of thirty-six, on the verge of completing a decade's worth of training as a neurosurgeon, Paul Kalanithi was diagnosed with...
151~Thinking, Fast and Slow (Hardcover)~Daniel Kahneman~2011~4.11~https://www.goodreads.com//book/show/11468377-thinking-fast-and-slow~ In the highly anticipated Thinking, Fast and Slow, Kahneman takes us on a groundbreaking tour of the mind and explains the two systems that drive the way we think. System 1 is fast, intuitive, and emotional; System 2 is slower, more deliberative, and more logical. Kahneman exposes the extraordinary capabilities—and also the faults and biases—of fast thinking, and reveals t...
152~The Power of Habit: Why We Do What We Do in Life and Business (Hardcover)~Charles Duhigg~2012~4.05~https://www.goodreads.com//book/show/12609433-the-power-of-habit~ A young woman walks into a laboratory. Over the past two years, she has transformed almost every aspect of her life. She has quit smoking, run a marathon, and been promoted at work. The patterns inside her brain, neurologists discover, have fundamentally changed.Marketers at Procter & Gamble study videos of people making their beds. They are desperately trying to figur...
153~Man's Search for Meaning (Paperback)~Viktor E. Frankl~1946~4.35~https://www.goodreads.com//book/show/4069.Man_s_Search_for_Meaning~ Psychiatrist Viktor Frankl's memoir has riveted generations of readers with its descriptions of life in Nazi death camps and its lessons for spiritual survival. Based on his own experience and the stories of his patients, Frankl argues that we cannot avoid suffering but we can choose how to cope with it, find meaning in it, and move forward with renewed purpose. At the hea...
154~The Man Who Mistook His Wife for a Hat and Other Clinical Tales (Paperback)~Oliver Sacks~1985~4.06~https://www.goodreads.com//book/show/63697.The_Man_Who_Mistook_His_Wife_for_a_Hat_and_Other_Clinical_Tales~ In his most extraordinary book, "one of the great clinical writers of the twentieth century" (The New York Times) recounts the case histories of patients lost in the bizarre, apparently inescapable world of neurological disorders. Oliver Sacks's The Man Who Mistook His Wife for a Hat tells the stories of individuals afflicted with fantastic perceptual and intellectual aber...
155~Modern Romance (Hardcover)~Aziz Ansari~2015~3.83~https://www.goodreads.com//book/show/23453112-modern-romance~ Now a New York Times BestsellerA hilarious, thoughtful, and in-depth exploration of theÂ pleasures and perils of modern romance from one of this generationâ€™s sharpest comedic voicesAt some point, every one of us embarks on a journey to find love. We meet people, date, get into and out of relationships, all with the hopeÂ of finding someone with whom we share a deepÂ connectio...
156~Tuesdays with Morrie (Paperback)~Mitch Albom~1997~4.08~https://www.goodreads.com//book/show/6900.Tuesdays_with_Morrie~ Maybe it was a grandparent, or a teacher or a colleague. Someone older, patient and wise, who understood you when you were young and searching, and gave you sound advice to help you make your way through it. For Mitch Albom, that person was Morrie Schwartz, his college professor from nearly twenty years ago.Maybe, like Mitch, you lost track of this mentor as you made your...
157~Under the Banner of Heaven: A Story of Violent Faith (Paperback)~Jon Krakauer~2003~3.99~https://www.goodreads.com//book/show/10847.Under_the_Banner_of_Heaven~ A multilayered, bone-chilling narrative of messianic delusion, savage violence, polygamy, and unyielding faith. This is vintage Krakauer, an utterly compelling work of nonfiction that illuminates an otherwise confounding realm of human behavior.Jon Krakauer’s literary reputation rests on insightful chronicles of lives conducted at the outer limits. In Under The Banner of H...
158~Hillbilly Elegy: A Memoir of a Family and Culture in Crisis (Hardcover)~J.D. Vance~2016~3.89~https://www.goodreads.com//book/show/27161156-hillbilly-elegy~ From a former marine and Yale Law School graduate, a powerful account of growing up in a poor Rust Belt town that offers a broader, probing look at the struggles of America’s white working classHillbilly Elegy is a passionate and personal analysis of a culture in crisis—that of white working-class Americans. The decline of this group, a demographic of our country that has...
159~Me Talk Pretty One Day (Paperback)~David Sedaris~2000~3.98~https://www.goodreads.com//book/show/4137.Me_Talk_Pretty_One_Day~ David Sedaris' move to Paris from New York inspired these hilarious pieces, including the title essay, about his attempts to learn French from a sadistic teacher who declares that every day spent with you is like having a caesarean section. His family is another inspiration. You Can't Kill the Rooster is a portrait of his brother, who talks incessant hip-hop slang to his b...
